author,avatar,description,publishdate,title,upvote
Sejal Jaiswal,https://res.cloudinary.com/dyd911kmh/image/fetch/t_avatar_thumbnail/https://assets.datacamp.com/users/avatars/000/259/429/square/AAEAAQAAAAAAAAbiAAAAJDcxMjBiNjIwLTZhODMtNGMzMS04NTE4LTZlMDkzMGVlNGIwNg.jpg?1512740950,"In this tutorial, you will learn exclusively about Python if else statements.",2018-08-08,"Python IF, ELIF, and ELSE Statements",2
Keith Singleton,https://res.cloudinary.com/dyd911kmh/image/fetch/t_avatar_thumbnail/https://assets.datacamp.com/users/avatars/001/012/472/square/0_1SQlkUSGF8-AyuAvc0UnlIDTFuGUR8p18HUnA5SkLCYZRuAr-fUnP8u3N_-Nyu-9NkUBvaD3FvOjJlpJt6cOP8SCKvOgJlh1c6cP6UlGL77NJ6lscCFt8WDWmN?1495348263,"In this tutorial, you’ll learn how to pull data directly from MeetUp’s API using Python and write it into a JSON.",2018-08-07,MeetUp API– Pulling Data & Writing it into a JSON,4
Duong Vu,https://res.cloudinary.com/dyd911kmh/image/fetch/t_avatar_thumbnail/https://assets.datacamp.com/users/avatars/002/440/549/square/Capture.PNG?1530083836,Learn how to perform Exploratory Data Analysis for Natural Language Processing using WordCloud in Python.,2018-08-07,Generating WordClouds in Python,10
Aditya Sharma,https://res.cloudinary.com/dyd911kmh/image/fetch/t_avatar_thumbnail/https://assets.datacamp.com/users/avatars/000/701/074/square/AAIA_wDGAAAAAQAAAAAAAAqsAAAAJDczODgzN2VkLTZhZDUtNDYzOC04M2ZlLTEyMTI2OTU0YjUyNQ.jpg?1512487068,"In this tutorial, you’ll implement a medical imaging using deep learning paper with Python in Keras.",2018-08-06,Image Super-Resolution using Multi-Decoder Framework,5
Sayak  Paul,https://res.cloudinary.com/dyd911kmh/image/fetch/t_avatar_thumbnail/https://assets.datacamp.com/users/avatars/000/535/025/square/10743254_713362768755562_699338178_n.jpg?1508595285,"Cluster analysis is an important problem in data analysis. Data scientists use clustering to identify malfunctioning servers, group genes with similar expression patterns, or various other applications.",2018-08-03,DBSCAN: A Macroscopic Investigation in Python,6
Avinash Navlani,https://res.cloudinary.com/dyd911kmh/image/fetch/t_avatar_thumbnail/https://assets.datacamp.com/users/avatars/000/520/621/square/10.jpg?1475318624,Learn K-Nearest Neighbor(KNN) Classification and build KNN classifier using Python Scikit-learn package.,2018-08-02,KNN Classification using Scikit-learn,11
Michael Galarnyk,https://res.cloudinary.com/dyd911kmh/image/fetch/t_avatar_thumbnail/https://assets.datacamp.com/users/avatars/001/782/418/square/0_PGUE8F8TgCL-M4md.jpg?1512569472,"This tutorial will demonstrate how you can install Anaconda, a powerful package manager, on Microsoft Windows.",2018-08-01,Installing Anaconda on Windows,4
Abhishek Kasireddy,https://res.cloudinary.com/dyd911kmh/image/fetch/t_avatar_thumbnail/https://cdn.datacamp.com/community/assets/placeholder_avatar-7f673b5d40e159404a56b5931250cc73.png,"In this tutorial, you'll learn how to get web pages using requests, analyze web pages in the browser, and extract information from raw HTML with BeautifulSoup.",2018-07-31,Scraping Reddit with Python and BeautifulSoup 4,7
Carlos Zelada,https://res.cloudinary.com/dyd911kmh/image/fetch/t_avatar_thumbnail/https://assets.datacamp.com/users/avatars/000/385/901/square/Carlos-215x175.png?1525790658,"Learn how to visually show the relationship between two features, how they interact with each other, and where data points are concentrated.",2018-07-31,Bivariate Distribution Heatmaps in R,8
Kyle Weller,https://res.cloudinary.com/dyd911kmh/image/fetch/t_avatar_thumbnail/https://assets.datacamp.com/users/avatars/002/604/999/square/0?1528154581,"After reading this tutorial, you'll know how to embed R & Python scripts in T-SQL statements & know what data types are used to pass data between SQL & Python/R.",2018-07-30,How to Execute Python/R in SQL,6
,https://res.cloudinary.com/dyd911kmh/image/fetch/t_avatar_thumbnail/https://cdn.datacamp.com/community/assets/placeholder_avatar-7f673b5d40e159404a56b5931250cc73.png,"In this tutorial, you'll learn how to extract data from the web, manipulate and clean data using Python's Pandas library, and data visualize using Python's Matplotlib library.",2018-07-26,Web Scraping Using Python,59
kumarnishant,https://res.cloudinary.com/dyd911kmh/image/fetch/t_avatar_thumbnail/https://cdn.datacamp.com/community/assets/placeholder_avatar-7f673b5d40e159404a56b5931250cc73.png,Modules enable you to split parts of your program in different files for easier maintenance and better performance.,2018-07-25,Working with Modules in Python,8
Manish Pathak,https://res.cloudinary.com/dyd911kmh/image/fetch/t_avatar_thumbnail/https://assets.datacamp.com/users/avatars/000/412/222/square/index.jpg?1516993022,"Clustering is the most common form of unsupervised learning, a type of machine learning algorithm used to draw inferences from unlabeled data.",2018-07-24,Hierarchical Clustering in R,7
Sejal Jaiswal,https://res.cloudinary.com/dyd911kmh/image/fetch/t_avatar_thumbnail/https://assets.datacamp.com/users/avatars/000/259/429/square/AAEAAQAAAAAAAAbiAAAAJDcxMjBiNjIwLTZhODMtNGMzMS04NTE4LTZlMDkzMGVlNGIwNg.jpg?1512740950,"In this tutorial, you will learn exclusively about the index() function.",2018-07-24,Python List Index(),13
Aditya Sharma,https://res.cloudinary.com/dyd911kmh/image/fetch/t_avatar_thumbnail/https://assets.datacamp.com/users/avatars/000/701/074/square/AAIA_wDGAAAAAQAAAAAAAAqsAAAAJDczODgzN2VkLTZhZDUtNDYzOC04M2ZlLTEyMTI2OTU0YjUyNQ.jpg?1512487068,"In this tutorial, you will learn & understand how to use autoencoder as a classifier in Python with Keras. You'll be using Fashion-MNIST dataset as an example.",2018-07-20,Autoencoder as a Classifier using Fashion-MNIST Dataset,8
Aditya Sharma,https://res.cloudinary.com/dyd911kmh/image/fetch/t_avatar_thumbnail/https://assets.datacamp.com/users/avatars/000/701/074/square/AAIA_wDGAAAAAQAAAAAAAAqsAAAAJDczODgzN2VkLTZhZDUtNDYzOC04M2ZlLTEyMTI2OTU0YjUyNQ.jpg?1512487068,"In this tutorial, you’ll use a machine learning algorithm to implement a real-life problem in Python. You will learn how to read multiple text files in python, extract labels, use dataframes and a lot more!",2018-07-19,Detecting True and Deceptive Hotel Reviews using Machine Learning,28
Eladio Montero Porras,https://res.cloudinary.com/dyd911kmh/image/fetch/t_avatar_thumbnail/https://cdn.datacamp.com/community/assets/placeholder_avatar-7f673b5d40e159404a56b5931250cc73.png,"In this tutorial, you will learn the basics behind a very popular statistical model; the linear regression.",2018-07-18,Linear Regression in R,12
Lars Hulstaert,https://res.cloudinary.com/dyd911kmh/image/fetch/t_avatar_thumbnail/https://assets.datacamp.com/users/avatars/002/251/309/square/0?1520934404,"In this tutorial, you'll learn about some pitfalls you might experience when working on data science projects ""in the wild"".",2018-07-17,Common data science pitfalls & how to avoid them!,9
Avinash Navlani,https://res.cloudinary.com/dyd911kmh/image/fetch/t_avatar_thumbnail/https://assets.datacamp.com/users/avatars/000/520/621/square/10.jpg?1475318624,"In this tutorial, you'll learn about Support Vector Machines, one of the most popular and widely used supervised machine learning algorithms.",2018-07-12,Support Vector Machines with Scikit-learn,8
Lars Hulstaert,https://res.cloudinary.com/dyd911kmh/image/fetch/t_avatar_thumbnail/https://assets.datacamp.com/users/avatars/002/251/309/square/0?1520934404,Learn about Lime and how it works along with the potential pitfalls that come with using it.,2018-07-11,Understanding Model Predictions with LIME,7
Manish Pathak,https://res.cloudinary.com/dyd911kmh/image/fetch/t_avatar_thumbnail/https://assets.datacamp.com/users/avatars/000/412/222/square/index.jpg?1516993022,XGBoost is one of the most popular machine learning algorithm these days. Regardless of the type of prediction task at hand; regression or classification.,2018-07-10,Using XGBoost in Python,22
Filip Schouwenaars,https://res.cloudinary.com/dyd911kmh/image/fetch/t_avatar_thumbnail/https://assets.datacamp.com/users/avatars/000/275/302/square/Filipaboutpic.jpg?1493154242,Follow these simple steps to enable continuous deployment of your package documentation.,2018-07-09,Continuous deployment of package documentation with pkgdown and Travis CI,8
Sayak  Paul,https://res.cloudinary.com/dyd911kmh/image/fetch/t_avatar_thumbnail/https://assets.datacamp.com/users/avatars/000/535/025/square/10743254_713362768755562_699338178_n.jpg?1508595285,Learn about the inner workings of the K-Means clustering algorithm with an interesting case study.,2018-07-05,K-Means Clustering in Python with scikit-learn,12
kumarnishant,https://res.cloudinary.com/dyd911kmh/image/fetch/t_avatar_thumbnail/https://cdn.datacamp.com/community/assets/placeholder_avatar-7f673b5d40e159404a56b5931250cc73.png,"Error handling increases the robustness of your code, which guards against potential failures that would cause your program to exit in an uncontrolled fashion.",2018-07-03,Exception and Error Handling in Python,7
Théo Vanderheyden,https://res.cloudinary.com/dyd911kmh/image/fetch/t_avatar_thumbnail/https://cdn.datacamp.com/community/assets/placeholder_avatar-7f673b5d40e159404a56b5931250cc73.png,"In this tutorial, you will learn about Python's scope of variables, the global and nonlocal keywords, closures and the LEGB rule.",2018-06-28,Scope of Variables in Python Tutorial,9
Aditya Sharma,https://res.cloudinary.com/dyd911kmh/image/fetch/t_avatar_thumbnail/https://assets.datacamp.com/users/avatars/000/701/074/square/AAIA_wDGAAAAAQAAAAAAAAqsAAAAJDczODgzN2VkLTZhZDUtNDYzOC04M2ZlLTEyMTI2OTU0YjUyNQ.jpg?1512487068,"In this tutorial, you'll learn & understand how to read nifti format brain magnetic resonance imaging (MRI) images, reconstructing them using convolutional autoencoder.",2018-06-27,Reconstructing Brain MRI Images Using Deep Learning (Convolutional Autoencoder),9
Michael Galarnyk,https://res.cloudinary.com/dyd911kmh/image/fetch/t_avatar_thumbnail/https://assets.datacamp.com/users/avatars/001/782/418/square/0_PGUE8F8TgCL-M4md.jpg?1512569472,"Learn about the various options you have to setup a data science environment with Python, R, Git, and Unix Shell on your local computer.",2018-06-27,Setup a Data Science Environment on your Computer,22
Aditya Sharma,https://res.cloudinary.com/dyd911kmh/image/fetch/t_avatar_thumbnail/https://assets.datacamp.com/users/avatars/000/701/074/square/AAIA_wDGAAAAAQAAAAAAAAqsAAAAJDczODgzN2VkLTZhZDUtNDYzOC04M2ZlLTEyMTI2OTU0YjUyNQ.jpg?1512487068,"In this tutorial, you will learn and understand how to read jpeg format fingerprint images, reconstructing them using convolutional autoencoder.",2018-06-26,Reconstructing Fingerprint Images Using Deep Learning (Convolutional Autoencoder),8
Debbie Liske,https://res.cloudinary.com/dyd911kmh/image/fetch/t_avatar_thumbnail/https://assets.datacamp.com/users/avatars/000/713/170/square/debprofile.jpg?1517605205,"In this tutorial, you will build four models using Latent Dirichlet Allocation (LDA) and K-Means clustering machine learning algorithms.",2018-06-21,Machine Learning and NLP using R: Topic Modeling and Music Classification,35
Deepak Jhanji,https://res.cloudinary.com/dyd911kmh/image/fetch/t_avatar_thumbnail/https://assets.datacamp.com/users/avatars/001/755/994/square/0_0k_jCSU9ks_k6STydvYOPLszbL_3B3h0YSYR11VKbXmTBDupjvxRP4Rzcz736f7pYCYV5jszkhGTXrl1df-tvnVn1hG3Xrg0jf-0hS69QVPHXb2njwGOQK8z3V?1516536798,Learn how you can predict the status of a H-1B visa application with Machine Learning in Python.,2018-06-20,Predicting the Status of H-1B Visa Applications,13
James Le,https://res.cloudinary.com/dyd911kmh/image/fetch/t_avatar_thumbnail/https://assets.datacamp.com/users/avatars/002/366/439/square/0.jpeg?1523361353,"Learn all about decision trees, a form of supervised learning used in a variety of ways to solve regression and classification problems.",2018-06-19,Decision Trees in R,19
Sejal Jaiswal,https://res.cloudinary.com/dyd911kmh/image/fetch/t_avatar_thumbnail/https://assets.datacamp.com/users/avatars/000/259/429/square/AAEAAQAAAAAAAAbiAAAAJDcxMjBiNjIwLTZhODMtNGMzMS04NTE4LTZlMDkzMGVlNGIwNg.jpg?1512740950,"Learn about Pip, a powerful tool that helps you properly manage distribution packages in Python.",2018-06-13,The Pip Python Package Manager,15
Jason Graham,https://res.cloudinary.com/dyd911kmh/image/fetch/t_avatar_thumbnail/https://assets.datacamp.com/users/avatars/001/335/612/square/profile.png?1518708631,"Learn how Python can be used more effectively than Excel, with the Pandas package.",2018-06-12,Using Python to Power Spreadsheets in Data Science,76
Tom Jeon,https://res.cloudinary.com/dyd911kmh/image/fetch/t_avatar_thumbnail/https://assets.datacamp.com/users/avatars/000/329/323/square/tom.jpg?1465645479,Learn how to convert strings to datetime objects in Python and why doing so has become standard practice for working data scientists today.,2018-06-08,Converting Strings to Dates as datetime Objects,22
Thushan Ganegedara,https://res.cloudinary.com/dyd911kmh/image/fetch/t_avatar_thumbnail/https://assets.datacamp.com/users/avatars/002/125/563/square/profile.jpeg?1518563443,"Visualize the training parameters, metrics, hyperparameters or any statistics of your neural network with TensorBoard!",2018-06-06,TensorBoard Tutorial,20
Michael Galarnyk,https://res.cloudinary.com/dyd911kmh/image/fetch/t_avatar_thumbnail/https://assets.datacamp.com/users/avatars/001/782/418/square/0_PGUE8F8TgCL-M4md.jpg?1512569472,"This tutorial will demonstrate how you can install Anaconda, a powerful package manager, on your Mac.",2018-06-05,Installing Anaconda on Mac OS X,12
Steph Howson,https://res.cloudinary.com/dyd911kmh/image/fetch/t_avatar_thumbnail/https://assets.datacamp.com/users/avatars/001/764/233/square/AAEAAQAAAAAAAAemAAAAJDI5ZWNlYmVhLWMxYmUtNDExMy1hNTNlLWZkZTU5NTI2YTY5ZA.jpg?1519759627,Learn how to create custom export templates for your Jupyter Notebooks using Jinja2.,2018-05-30,Custom Templates for Jupyter Notebooks with Jinja2,13
Michael Galarnyk,https://res.cloudinary.com/dyd911kmh/image/fetch/t_avatar_thumbnail/https://assets.datacamp.com/users/avatars/001/782/418/square/0_PGUE8F8TgCL-M4md.jpg?1512569472,"Learn about Python sets: what they are, how to create them, when to use them, built-in functions, and their relationship to set theory operations.",2018-05-29,Python Sets and Set Theory,24
Michael Galarnyk,https://res.cloudinary.com/dyd911kmh/image/fetch/t_avatar_thumbnail/https://assets.datacamp.com/users/avatars/001/782/418/square/0_PGUE8F8TgCL-M4md.jpg?1512569472,"Discover Homebrew for data science: learn how you can use this package manager to install, update, and remove technologies such as Apache Spark and Graphviz.",2018-05-23,How to Install and Use Homebrew,12
Manish Pathak,https://res.cloudinary.com/dyd911kmh/image/fetch/t_avatar_thumbnail/https://assets.datacamp.com/users/avatars/000/412/222/square/index.jpg?1516993022,Learn the common tricks to handle categorical data and preprocess it to build machine learning models!,2018-05-22,Handling Categorical Data in Python,25
Mauricio Vargas,https://res.cloudinary.com/dyd911kmh/image/fetch/t_avatar_thumbnail/https://graph.facebook.com/2006376832956301/picture?width=150&height=150,This is a beginner guide that is designed to save yourself a headache and valuable time if you decide to install R yourself.,2018-05-17,"How to install R on Windows, Mac OS X and Ubuntu",9
Avinash Navlani,https://res.cloudinary.com/dyd911kmh/image/fetch/t_avatar_thumbnail/https://assets.datacamp.com/users/avatars/000/520/621/square/10.jpg?1475318624,"Learn about Random Forests and build your own model in Python, for both classification and regression.",2018-05-16,Understanding Random Forests Classifiers in Python,28
Tom Jeon,https://res.cloudinary.com/dyd911kmh/image/fetch/t_avatar_thumbnail/https://assets.datacamp.com/users/avatars/000/329/323/square/tom.jpg?1465645479,Importing data is the first step in any data science project. Learn why today's data scientists prefer pandas' read_csv() function to do this.,2018-05-09,Pandas Tutorial: Importing Data with read_csv(),35
Stefan Hosein,https://res.cloudinary.com/dyd911kmh/image/fetch/t_avatar_thumbnail/https://assets.datacamp.com/users/avatars/002/106/167/square/IMG_1482.jpg?1525795589,Learn what Generative Adversarial Networks are without going into the details of the math and  code a simple GAN that can create digits!,2018-05-09,Demystifying Generative Adversarial Nets (GANs),31
Kim Kwonhyun,https://res.cloudinary.com/dyd911kmh/image/fetch/t_avatar_thumbnail/https://cdn.datacamp.com/community/assets/placeholder_avatar-7f673b5d40e159404a56b5931250cc73.png,Learn why you would transform your data from a long to a wide format and vice versa and explore how to do this in R with melt() and dcast()!,2018-05-08,Long to Wide Data in R,17
Thushan Ganegedara,https://res.cloudinary.com/dyd911kmh/image/fetch/t_avatar_thumbnail/https://assets.datacamp.com/users/avatars/002/125/563/square/profile.jpeg?1518563443,Discover Long Short-Term Memory (LSTM) networks in Python and how you can use them to make stock market predictions!,2018-05-03,Stock Market Predictions with LSTM in Python,59
Sejal Jaiswal,https://res.cloudinary.com/dyd911kmh/image/fetch/t_avatar_thumbnail/https://assets.datacamp.com/users/avatars/000/259/429/square/AAEAAQAAAAAAAAbiAAAAJDcxMjBiNjIwLTZhODMtNGMzMS04NTE4LTZlMDkzMGVlNGIwNg.jpg?1512740950,"Learn about Markov Chains, their properties, transition matrices, and implement one yourself in Python!",2018-05-01,Markov Chains in Python: Beginner Tutorial,63
Daniel Schuette,https://res.cloudinary.com/dyd911kmh/image/fetch/t_avatar_thumbnail/https://assets.datacamp.com/users/avatars/000/808/444/square/profile_picture_DC.jpg?1514071847,"In this tutorial, you'll learn about the statistical concepts behind survival analysis and you'll implement a real-world application of these methods in R.",2018-04-26,Survival Analysis in R For Beginners,53
Francisco Lima,https://res.cloudinary.com/dyd911kmh/image/fetch/t_avatar_thumbnail/https://graph.facebook.com/10153083849377339/picture?width=150&height=150,Explore graph-structured multi-task regression with the GFLASSO  R package with this tutorial!,2018-04-26,GFLASSO: Graph-Guided Fused LASSO in R,8
Elias Dabbas,https://res.cloudinary.com/dyd911kmh/image/fetch/t_avatar_thumbnail/https://assets.datacamp.com/users/avatars/000/240/113/square/Elias_Dabbas_photo.JPG?1515802673,"In this tutorial, you'll learn about absolute and weighted word frequency in text mining and how to calculate it with defaultdict and pandas DataFrames.",2018-04-24,Absolute and Weighted Frequency of Words in Text,10
Lars Hulstaert,https://res.cloudinary.com/dyd911kmh/image/fetch/t_avatar_thumbnail/https://assets.datacamp.com/users/avatars/000/701/829/square/AAEAAQAAAAAAAAi1AAAAJGVmNjBmMTc4LTEzMDAtNGJlNi04NTgyLTBkOWYwYTNjMDgwMA.jpg?1508406375,"Explore the key concepts in object detection and learn how they are implemented in SSD and Faster RCNN, which are available in the Tensorflow Detection API.",2018-04-19,A Beginner's Guide to Object Detection,43
Minoo Ashtiani,https://res.cloudinary.com/dyd911kmh/image/fetch/t_avatar_thumbnail/https://assets.datacamp.com/users/avatars/000/714/649/square/Picture1.jpg?1523480237,"Explore the definition of centrality, learn what different types of centrality measures exist in network analysis and pick the best one for a given network!",2018-04-17,Network Analysis in R: Centrality Measures,42
Hafsa Jabeen,https://res.cloudinary.com/dyd911kmh/image/fetch/t_avatar_thumbnail/https://assets.datacamp.com/users/avatars/001/916/416/square/tumblr_mhtvnukTEf1rkizt2o1_1280.jpg?1519112408,"Learn how to open, read and write data into flat files, such as JSON and text files, as well as binary files in Python with the io and os modules.",2018-04-11,Reading and Writing Files in Python Tutorial,24
James Le,https://res.cloudinary.com/dyd911kmh/image/fetch/t_avatar_thumbnail/https://assets.datacamp.com/users/avatars/002/366/439/square/0.jpeg?1523361353,"Discover all about logistic regression: how it differs from linear regression, how to fit and evaluate these models it in R with the glm() function and more!",2018-04-10,Logistic Regression in R Tutorial,49
Hugo Bowne-Anderson,https://res.cloudinary.com/dyd911kmh/image/fetch/t_avatar_thumbnail/https://assets.datacamp.com/users/avatars/000/469/499/square/hugo_bowne-anderson.png?1470132470,"Start analyzing titanic data with R and the tidyverse: learn how to filter, arrange, summarise, mutate and visualize your data with dplyr and ggplot2!",2018-04-10,Getting Started with the Tidyverse: Tutorial,24
Théo Vanderheyden,https://res.cloudinary.com/dyd911kmh/image/fetch/t_avatar_thumbnail/https://cdn.datacamp.com/community/assets/placeholder_avatar-7f673b5d40e159404a56b5931250cc73.png,"Discover the Python pickle module: learn about serialization, when (not) to use it, how to compress pickled objects, multiprocessing, and much more!",2018-04-05,Pickle in Python: Object Serialization,34
Aditya Sharma,https://res.cloudinary.com/dyd911kmh/image/fetch/t_avatar_thumbnail/https://assets.datacamp.com/users/avatars/000/701/074/square/AAIA_wDGAAAAAQAAAAAAAAqsAAAAJDczODgzN2VkLTZhZDUtNDYzOC04M2ZlLTEyMTI2OTU0YjUyNQ.jpg?1512487068,"In this tutorial, you'll learn more about autoencoders and how to build convolutional and denoising autoencoders with the notMNIST dataset in Keras.",2018-04-04,Implementing Autoencoders in Keras: Tutorial,33
Debbie Liske,https://res.cloudinary.com/dyd911kmh/image/fetch/t_avatar_thumbnail/https://assets.datacamp.com/users/avatars/000/713/170/square/debprofile.jpg?1517605205,"Learn how to perform tidy sentiment analysis in R on Prince's songs, sentiment over time, song level sentiment, the impact of bigrams, and much more!",2018-03-29,Tidy Sentiment Analysis in R,64
Théo Vanderheyden,https://res.cloudinary.com/dyd911kmh/image/fetch/t_avatar_thumbnail/https://cdn.datacamp.com/community/assets/placeholder_avatar-7f673b5d40e159404a56b5931250cc73.png,"Tackle the basics of Object-Oriented Programming (OOP) in Python: explore classes, objects, instance methods, attributes and much more!",2018-03-28,Python Object-Oriented Programming (OOP): Tutorial,80
Sejal Jaiswal,https://res.cloudinary.com/dyd911kmh/image/fetch/t_avatar_thumbnail/https://assets.datacamp.com/users/avatars/000/259/429/square/AAEAAQAAAAAAAAbiAAAAJDcxMjBiNjIwLTZhODMtNGMzMS04NTE4LTZlMDkzMGVlNGIwNg.jpg?1512740950,"Learn all about clustering and, more specifically, k-means in this R Tutorial, where you'll focus on a case study with Uber data.",2018-03-14,K-Means Clustering in R Tutorial,61
Aditya Sharma,https://res.cloudinary.com/dyd911kmh/image/fetch/t_avatar_thumbnail/https://assets.datacamp.com/users/avatars/000/701/074/square/AAIA_wDGAAAAAQAAAAAAAAqsAAAAJDczODgzN2VkLTZhZDUtNDYzOC04M2ZlLTEyMTI2OTU0YjUyNQ.jpg?1512487068,"In this tutorial, you'll learn how to construct and implement Convolutional Neural Networks (CNNs) in Python with the TensorFlow framework.",2018-03-09,Convolutional Neural Networks with TensorFlow,29
Dror Atariah,https://res.cloudinary.com/dyd911kmh/image/fetch/t_avatar_thumbnail/https://assets.datacamp.com/users/avatars/001/810/423/square/rect-picture.png?1520578217,Learn how you can take local code that does grid search with the Scikit-Learn package to a cluster of AWS (EC2) nodes with Terraform.,2018-03-08,From Local Machine to Dask Cluster with Terraform,18
Manish Pathak,https://res.cloudinary.com/dyd911kmh/image/fetch/t_avatar_thumbnail/https://assets.datacamp.com/users/avatars/000/412/222/square/index.jpg?1516993022,"Tackle feature selection in R: explore the Boruta algorithm, a wrapper built around the Random Forest classification algorithm, and its implementation!",2018-03-07,Feature Selection in R with the Boruta R Package,14
Steph Howson,https://res.cloudinary.com/dyd911kmh/image/fetch/t_avatar_thumbnail/https://assets.datacamp.com/users/avatars/001/764/233/square/AAEAAQAAAAAAAAemAAAAJDI5ZWNlYmVhLWMxYmUtNDExMy1hNTNlLWZkZTU5NTI2YTY5ZA.jpg?1519759627,"Learn how you can parse, explore, modify and populate XML files with the Python ElementTree package, for loops and XPath expressions.",2018-03-06,Python XML with ElementTree: Beginner's Guide,38
Hugo Bowne-Anderson,https://res.cloudinary.com/dyd911kmh/image/fetch/t_avatar_thumbnail/https://assets.datacamp.com/users/avatars/000/469/499/square/hugo_bowne-anderson.png?1470132470,"What are the most favorite techniques of the professional data scientists interviewed in DataFramed, a DataCamp podcast? Explore all 6 of them in this tutorial!",2018-02-28,Experts' Favorite Data Science Techniques,28
Alan Nichol,https://res.cloudinary.com/dyd911kmh/image/fetch/t_avatar_thumbnail/https://assets.datacamp.com/users/avatars/000/784/245/square/Screen_Shot_2017-03-28_at_20.50.53.png?1490709089,"A step-by-step guide to easily deploying a Facebook Messenger chatbot with Python, using Flask, requests and ngrok. ",2018-02-28,Deploy Your Facebook Messenger Bot with Python,64
Arvid Kingl,https://res.cloudinary.com/dyd911kmh/image/fetch/t_avatar_thumbnail/https://assets.datacamp.com/users/avatars/002/159/446/square/AAEAAQAAAAAAAAYTAAAAJGVmODBjNjA5LWUwZTAtNGFkOC05MWQ3LTAyYjdkYjgzYjA0Nw.jpg?1519224928,"Explore web scraping in R with rvest with a real-life project: extract, preprocess and analyze Trustpilot reviews with tidyverse and tidyquant, and much more!",2018-02-27,Web Scraping in R: rvest Tutorial,50
Karlijn Willems,https://res.cloudinary.com/dyd911kmh/image/fetch/t_avatar_thumbnail/https://assets.datacamp.com/users/avatars/000/494/311/square/Screenshot_2017-04-26_16.02.58.png?1493215479,"Explore data analysis with Python. Pandas DataFrames make manipulating your data easy, from selecting or replacing columns and indices to reshaping your data.",2018-02-23,Pandas Tutorial: DataFrames in Python,124
Daniel Poston,https://res.cloudinary.com/dyd911kmh/image/fetch/t_avatar_thumbnail/https://assets.datacamp.com/users/avatars/000/364/770/square/efffb911d8db473cfb34767ceda276e866942fb7.png?1505986307,"Analyze poker hands with Python and easily implement statistical concepts such as combinations, permutations, (in)dependent events and expected value.",2018-02-22,Analyzing Poker Hands with Python,16
Daniel Gremmell,https://res.cloudinary.com/dyd911kmh/image/fetch/t_avatar_thumbnail/https://assets.datacamp.com/users/avatars/002/154/344/square/AAEAAQAAAAAAAAfDAAAAJGRlMjU0NjBlLWE2ZWMtNGRiZi05NzJkLTIzNzNhY2NjOGVlMQ.jpg?1519134008,"Boost your machine learning results and discover ensembles in R with the SuperLearner package: learn about the Random Forest algorithm, bagging, and much more!",2018-02-20,Ensemble Learning in R with SuperLearner,23
Svend Vanderveken,https://res.cloudinary.com/dyd911kmh/image/fetch/t_avatar_thumbnail/https://assets.datacamp.com/users/avatars/002/127/867/square/148cebe.jpg?1518612972,"Why do data scientists and data engineers work with synthetic data? How do they obtain it? Discover Trumania, a scenario-based random dataset generator library.",2018-02-14,Generating Realistic Random Datasets with Trumania,13
Stefan Hosein,https://res.cloudinary.com/dyd911kmh/image/fetch/t_avatar_thumbnail/https://assets.datacamp.com/users/avatars/002/106/167/square/IMG_1482.jpg?1525795589,"Discover active learning, a case of semi-supervised machine learning: from its definition and its benefits, to applications and modern research into it.",2018-02-09,Active Learning: Curious AI Algorithms,40
Johannes Mueller,https://res.cloudinary.com/dyd911kmh/image/fetch/t_avatar_thumbnail/https://assets.datacamp.com/users/avatars/000/459/139/square/IMG_8796_%282%29.jpg?1517405989,Implement a small blockchain in R  and learn more about what a blockchain looks like and some of the core concepts behind it!,2018-02-08,Understanding Blockchains by Coding One in R,127
Sejal Jaiswal,https://res.cloudinary.com/dyd911kmh/image/fetch/t_avatar_thumbnail/https://assets.datacamp.com/users/avatars/000/259/429/square/AAEAAQAAAAAAAAbiAAAAJDcxMjBiNjIwLTZhODMtNGMzMS04NTE4LTZlMDkzMGVlNGIwNg.jpg?1512740950,"Learn about Python tuples: what they are, how to create them, when to use them, what operations you perform on them and various functions you should know.",2018-02-07,Python Tuples Tutorial,37
Alexis Perrier,https://res.cloudinary.com/dyd911kmh/image/fetch/t_avatar_thumbnail/https://assets.datacamp.com/users/avatars/000/519/711/square/alexis_perrier_head_shot_square.jpg?1515062718,"Learn to set up a data science environment on Google Cloud: create an instance on Google Compute Engine, install Anaconda and run Jupyter notebooks!",2018-02-06,Google Cloud for Data Science: Beginner's Guide,58
Kasper Van Lombeek,https://res.cloudinary.com/dyd911kmh/image/fetch/t_avatar_thumbnail/https://assets.datacamp.com/users/avatars/002/071/876/square/AAIA_wDGAAAAAQAAAAAAAAwOAAAAJDUxNzY3YTZkLWQxZmItNDNhMi04YzQyLWI0NzliNmJiNzc1Nw.jpg?1517562349,Applying matrix factorization on user clicks on hundreds of names on the recommender system NamesILike.com reveal an unseen structure in our first names.,2018-02-02,Finding Similar Names with Matrix Factorization,15
Debbie Liske,https://res.cloudinary.com/dyd911kmh/image/fetch/t_avatar_thumbnail/https://assets.datacamp.com/users/avatars/000/713/170/square/debprofile.jpg?1517605205,Dive into the lyrics of Prince's music with R: use text mining and Exploratory Data Analysis (EDA) to shed insight on The Artist's career. ,2018-02-02,Lyric Analysis with NLP & Machine Learning with R,109
Elias Dabbas,https://res.cloudinary.com/dyd911kmh/image/fetch/t_avatar_thumbnail/https://assets.datacamp.com/users/avatars/000/240/113/square/Elias_Dabbas_photo.JPG?1515802673,"In this tutorial, data science meets Search Engine Marketing: learn to create Google AdWords campaigns by generating keywords and ad templates with Python!",2018-01-26,Data Science for Search Engine Marketing (SEM),48
Chitrank Dixit,https://res.cloudinary.com/dyd911kmh/image/fetch/t_avatar_thumbnail/https://assets.datacamp.com/users/avatars/001/098/209/square/0_0liagGnPUoFITuQHyZOudZQ9EcEwThemeR0dHp61dUbIT2wwDBOusdQ1MoEFqaeDmSOdeeF1Ea6I_AHaZVtTEJbzja6w_AsHDVt20GUveqBC_QITDYCDJtqKGm?1497548905,"With this beginner tutorial, you'll start to explore PEP-8, Python's style guide, so that you can start formatting your code correctly to maximize its readability!",2018-01-25,PEP-8 Tutorial: Code Standards in Python,45
Sejal Jaiswal,https://res.cloudinary.com/dyd911kmh/image/fetch/t_avatar_thumbnail/https://assets.datacamp.com/users/avatars/000/259/429/square/AAEAAQAAAAAAAAbiAAAAJDcxMjBiNjIwLTZhODMtNGMzMS04NTE4LTZlMDkzMGVlNGIwNg.jpg?1512740950,"Learn all about the Python iterator, how they differ from iterables and generators, and how to build one yourself with __iter__, __next__ and itertools.",2018-01-23,Python Iterator Tutorial,56
Lars Hulstaert,https://res.cloudinary.com/dyd911kmh/image/fetch/t_avatar_thumbnail/https://assets.datacamp.com/users/avatars/000/701/829/square/AAEAAQAAAAAAAAi1AAAAJGVmNjBmMTc4LTEzMDAtNGJlNi04NTgyLTBkOWYwYTNjMDgwMA.jpg?1508406375,"In this tutorial, you’ll see what transfer learning is, what some of its applications are and why it is critical skill as a data scientist.",2018-01-19,Transfer Learning: Leverage Insights from Big Data,33
Sejal Jaiswal,https://res.cloudinary.com/dyd911kmh/image/fetch/t_avatar_thumbnail/https://assets.datacamp.com/users/avatars/000/259/429/square/AAEAAQAAAAAAAAbiAAAAJDcxMjBiNjIwLTZhODMtNGMzMS04NTE4LTZlMDkzMGVlNGIwNg.jpg?1512740950,"In this tutorial, you'll learn all about Python Strings: slicing and striding, manipulating and formatting them with the Formatter class, f-strings, templates and more!",2018-01-18,Python String Tutorial,38
Hugo Bowne-Anderson,https://res.cloudinary.com/dyd911kmh/image/fetch/t_avatar_thumbnail/https://assets.datacamp.com/users/avatars/000/469/499/square/hugo_bowne-anderson.png?1470132470,Get Google Trends data of keywords such as 'diet' and 'gym' and see how they vary over time while learning about trends and seasonality in time series data.,2018-01-17,Time Series Analysis Tutorial with Python,67
Rounak Banik,https://res.cloudinary.com/dyd911kmh/image/fetch/t_avatar_thumbnail/https://assets.datacamp.com/users/avatars/000/926/638/square/Bae_2.jpg?1493716710,"Learn how to build your own recommendation engine with the help of Python, from basic models to content-based and collaborative filtering recommender systems.",2018-01-16,Recommender Systems in Python: Beginner Tutorial,70
Hugo Bowne-Anderson,https://res.cloudinary.com/dyd911kmh/image/fetch/t_avatar_thumbnail/https://assets.datacamp.com/users/avatars/000/469/499/square/hugo_bowne-anderson.png?1470132470,"Learn how feature engineering can help you to up your game when building machine learning models in Kaggle: create new columns, transform variables and more!",2018-01-10,Machine Learning with Kaggle: Feature Engineering,44
Alexis Perrier,https://res.cloudinary.com/dyd911kmh/image/fetch/t_avatar_thumbnail/https://assets.datacamp.com/users/avatars/000/519/711/square/alexis_perrier_head_shot_square.jpg?1515062718,Which shell commands do data scientists use nearly every day? Discover and learn how to use them in this tutorial!,2018-01-05,8 Useful Shell Commands For Data Science,113
Hugo Bowne-Anderson,https://res.cloudinary.com/dyd911kmh/image/fetch/t_avatar_thumbnail/https://assets.datacamp.com/users/avatars/000/469/499/square/hugo_bowne-anderson.png?1470132470,"Learn how to build your first machine learning model, a decision tree classifier, with the Python scikit-learn package, submit it to Kaggle and see how it performs! ",2018-01-03,Kaggle Tutorial: Your First Machine Learning Model,94
Sejal Jaiswal,https://res.cloudinary.com/dyd911kmh/image/fetch/t_avatar_thumbnail/https://assets.datacamp.com/users/avatars/000/259/429/square/AAEAAQAAAAAAAAbiAAAAJDcxMjBiNjIwLTZhODMtNGMzMS04NTE4LTZlMDkzMGVlNGIwNg.jpg?1512740950,"Discover Python regular expressions: find basic and complex patterns, repetitions, or to do (non-)greedy matching, work with the re library and much more!",2017-12-22,Python Regular Expression Tutorial,64
Hugo Bowne-Anderson,https://res.cloudinary.com/dyd911kmh/image/fetch/t_avatar_thumbnail/https://assets.datacamp.com/users/avatars/000/469/499/square/hugo_bowne-anderson.png?1470132470,"In this Kaggle tutorial, you'll learn how to approach and build supervised learning models with the help of exploratory data analysis (EDA) on the Titanic data.",2017-12-21,Kaggle Tutorial: EDA & Machine Learning,72
Nathaniel D. Phillips,https://res.cloudinary.com/dyd911kmh/image/fetch/t_avatar_thumbnail/https://assets.datacamp.com/users/avatars/001/836/233/square/IMG_9572_%281%29.jpg?1513776054,An introductory tutorial to fast-and-frugal decision trees in R with the FFTrees package. ,2017-12-20,Fast-and-Frugal Decision Trees in R with FFTrees,29
Sejal Jaiswal,https://res.cloudinary.com/dyd911kmh/image/fetch/t_avatar_thumbnail/https://assets.datacamp.com/users/avatars/000/259/429/square/AAEAAQAAAAAAAAbiAAAAJDcxMjBiNjIwLTZhODMtNGMzMS04NTE4LTZlMDkzMGVlNGIwNg.jpg?1512740950,"In this Python tutorial, you'll tackle implicit and explicit data type conversion of primitive and non-primitive data structures with the help of code examples!",2017-12-14,Python Data Type Conversion Tutorial,35
Simon Jackson,https://res.cloudinary.com/dyd911kmh/image/fetch/t_avatar_thumbnail/https://assets.datacamp.com/users/avatars/000/525/853/square/3Xj-pJ_0_400x400.jpg?1513173748,"Five useful tips that you can use to effectively improve your R code, from using seq() to create sequences to ditching which() and much more!",2017-12-13,Five Tips to Improve Your R Code,110
Sejal Jaiswal,https://res.cloudinary.com/dyd911kmh/image/fetch/t_avatar_thumbnail/https://assets.datacamp.com/users/avatars/000/259/429/square/AAEAAQAAAAAAAAbiAAAAJDcxMjBiNjIwLTZhODMtNGMzMS04NTE4LTZlMDkzMGVlNGIwNg.jpg?1512740950,"Learn all about Python dictionary comprehension: how you can use it to create dictionaries, to replace (nested) for loops or lambda functions with map(), filter() and reduce(), ...!",2017-12-12,Python Dictionary Comprehension Tutorial,30
Sejal Jaiswal,https://res.cloudinary.com/dyd911kmh/image/fetch/t_avatar_thumbnail/https://assets.datacamp.com/users/avatars/000/259/429/square/AAEAAQAAAAAAAAbiAAAAJDcxMjBiNjIwLTZhODMtNGMzMS04NTE4LTZlMDkzMGVlNGIwNg.jpg?1512740950,"Get introduced to Python data structures: learn more about data types and primitive as well as non-primitive data structures, such as strings, lists, stacks, etc.",2017-12-08,Python Data Structures Tutorial,67
Michael Galarnyk,https://res.cloudinary.com/dyd911kmh/image/fetch/t_avatar_thumbnail/https://assets.datacamp.com/users/avatars/001/782/418/square/0_PGUE8F8TgCL-M4md.jpg?1512569472,Discover why you should use Amazon Web Services Elastic Compute Cloud (EC2) and how you can set up a basic data science environment on a Windows instance.,2017-12-06,AWS EC2 Tutorial For Beginners,31
Aditya Sharma,https://res.cloudinary.com/dyd911kmh/image/fetch/t_avatar_thumbnail/https://assets.datacamp.com/users/avatars/000/701/074/square/AAIA_wDGAAAAAQAAAAAAAAqsAAAAJDczODgzN2VkLTZhZDUtNDYzOC04M2ZlLTEyMTI2OTU0YjUyNQ.jpg?1512487068,"In this tutorial, you’ll learn how to implement Convolutional Neural Networks (CNNs) in Python with Keras, and how to overcome overfitting with dropout.",2017-12-05,Convolutional Neural Networks in Python with Keras,63
Karlijn Willems,https://res.cloudinary.com/dyd911kmh/image/fetch/t_avatar_thumbnail/https://assets.datacamp.com/users/avatars/000/494/311/square/Screenshot_2017-04-26_16.02.58.png?1493215479,"Discover the R formula and how you can use it in modeling- and graphical functions of well-known packages such as stats, and ggplot2. ",2017-11-23,Formulas in R Tutorial,51
Karlijn Willems,https://res.cloudinary.com/dyd911kmh/image/fetch/t_avatar_thumbnail/https://assets.datacamp.com/users/avatars/000/494/311/square/Screenshot_2017-04-26_16.02.58.png?1493215479,"Learn more about the famous pipe operator %>% and other pipes in R, why and how you should use them and what alternatives you can consider!",2017-11-16,Pipes in R Tutorial For Beginners,83
Karlijn Willems,https://res.cloudinary.com/dyd911kmh/image/fetch/t_avatar_thumbnail/https://assets.datacamp.com/users/avatars/000/494/311/square/Screenshot_2017-04-26_16.02.58.png?1493215479,"Learn how to effectively use list comprehension in Python to create lists, to replace (nested) for loops and the map(), filter() and reduce() functions, ...!",2017-10-31,Python List Comprehension Tutorial,75
Lars Hulstaert,https://res.cloudinary.com/dyd911kmh/image/fetch/t_avatar_thumbnail/https://assets.datacamp.com/users/avatars/000/701/829/square/AAEAAQAAAAAAAAi1AAAAJGVmNjBmMTc4LTEzMDAtNGJlNi04NTgyLTBkOWYwYTNjMDgwMA.jpg?1508406375,"Learn more about LDA2vec, a model that learns dense word vectors jointly with Dirichlet-distributed latent document-level mixtures of topic vectors.",2017-10-19,LDA2vec: Word Embeddings in Topic Models,44
Satyabrata Pal,https://res.cloudinary.com/dyd911kmh/image/fetch/t_avatar_thumbnail/https://assets.datacamp.com/users/avatars/000/495/415/square/self_pic.jpg?1508326653,"A comprehensive introductory tutorial to Python loops. Learn and practice while and for loops, nested loops, the break and continue keywords, the range function and more!",2017-10-18,Python Loops Tutorial,52
Hugo Bowne-Anderson,https://res.cloudinary.com/dyd911kmh/image/fetch/t_avatar_thumbnail/https://assets.datacamp.com/users/avatars/000/469/499/square/hugo_bowne-anderson.png?1470132470,"Learn to scrape novels from the web and plot word frequency distributions; You will gain experience with Python packages requests, BeautifulSoup and nltk.",2017-10-13,Web Scraping & NLP in Python,90
Hugo Bowne-Anderson,https://res.cloudinary.com/dyd911kmh/image/fetch/t_avatar_thumbnail/https://assets.datacamp.com/users/avatars/000/469/499/square/hugo_bowne-anderson.png?1470132470,"In this tutorial, you’ll learn about multi-indices for pandas DataFrames and how they arise naturally from groupby operations on real-world data sets.",2017-10-02,"Hierarchical indices, groupby and pandas",42
Hugo Bowne-Anderson,https://res.cloudinary.com/dyd911kmh/image/fetch/t_avatar_thumbnail/https://assets.datacamp.com/users/avatars/000/469/499/square/hugo_bowne-anderson.png?1470132470,"In this tutorial, you'll learn how to use the pandas groupby operation, which draws from the well-known split-apply-combine strategy, on Netflix movie data.",2017-09-26,"Groupby, split-apply-combine and pandas",91
Daniel Poston,https://res.cloudinary.com/dyd911kmh/image/fetch/t_avatar_thumbnail/https://assets.datacamp.com/users/avatars/000/364/770/square/efffb911d8db473cfb34767ceda276e866942fb7.png?1505986307,"Tackle probability and statistics in Python: learn more about combinations and permutations, dependent and independent events, and expected value.",2017-09-21,Poker Probability and Statistics with Python,55
Andrew Brooks,https://res.cloudinary.com/dyd911kmh/image/fetch/t_avatar_thumbnail/https://assets.datacamp.com/users/avatars/000/013/052/square/brooks_headshot.jpg?1510105583,This NetworkX tutorial will show you how to do graph optimization in Python by solving the Chinese Postman Problem in Python. ,2017-09-12,Graph Optimization with NetworkX in Python,44
Katharine Jarmul,https://res.cloudinary.com/dyd911kmh/image/fetch/t_avatar_thumbnail/https://assets.datacamp.com/users/avatars/000/790/307/square/Screenshot_2017-06-30_04.01.52.png?1498809845,This scikit-learn tutorial will walk you through building a fake news classifier with the help of Bayesian models. ,2017-08-24,Detecting Fake News with Scikit-Learn,76
Karlijn Willems,https://res.cloudinary.com/dyd911kmh/image/fetch/t_avatar_thumbnail/https://assets.datacamp.com/users/avatars/000/494/311/square/Screenshot_2017-04-26_16.02.58.png?1493215479,Learn how to make a histogram with ggvis. Go from the very basics to creating interactive graphs with shiny to display distributions.,2017-08-16,How to Make a Histogram with ggvis in R,27
Karlijn Willems,https://res.cloudinary.com/dyd911kmh/image/fetch/t_avatar_thumbnail/https://assets.datacamp.com/users/avatars/000/494/311/square/Screenshot_2017-04-26_16.02.58.png?1493215479,This Seaborn tutorial introduces you to the basics of statistical data visualization ,2017-08-10,Python Seaborn Tutorial For Beginners,86
Karlijn Willems,https://res.cloudinary.com/dyd911kmh/image/fetch/t_avatar_thumbnail/https://assets.datacamp.com/users/avatars/000/494/311/square/Screenshot_2017-04-26_16.02.58.png?1493215479,"A tutorial on functions in Python that covers how to write functions, how to call them, and more!",2017-08-08,Python Functions Tutorial,54
Karlijn Willems,https://res.cloudinary.com/dyd911kmh/image/fetch/t_avatar_thumbnail/https://assets.datacamp.com/users/avatars/000/494/311/square/Screenshot_2017-04-26_16.02.58.png?1493215479,"Apache Spark tutorial introduces you to big data processing, analysis and ML with PySpark.",2017-07-28,Apache Spark Tutorial: ML with PySpark,57
Karlijn Willems,https://res.cloudinary.com/dyd911kmh/image/fetch/t_avatar_thumbnail/https://assets.datacamp.com/users/avatars/000/494/311/square/Screenshot_2017-04-26_16.02.58.png?1493215479,"Learn about anti-patterns, execution plans, time complexity, query tuning, and optimization in SQL.",2017-07-20,SQL Tutorial: How To Write Better Queries,90
Karlijn Willems,https://res.cloudinary.com/dyd911kmh/image/fetch/t_avatar_thumbnail/https://assets.datacamp.com/users/avatars/000/494/311/square/Screenshot_2017-04-26_16.02.58.png?1493215479,"Learn how to build a neural network and how to train, evaluate and optimize it with TensorFlow",2017-07-13,TensorFlow Tutorial For Beginners,188
Karlijn Willems,https://res.cloudinary.com/dyd911kmh/image/fetch/t_avatar_thumbnail/https://assets.datacamp.com/users/avatars/000/494/311/square/Screenshot_2017-04-26_16.02.58.png?1493215479,"In this tutorial to deep learning in R with RStudio's keras package, you'll learn how to build a Multi-Layer Perceptron (MLP).",2017-06-28,keras: Deep Learning in R,50
Paulo Henrique Vasconcellos,https://res.cloudinary.com/dyd911kmh/image/fetch/t_avatar_thumbnail/https://assets.datacamp.com/users/avatars/000/465/098/square/perfil_rounded.png?1491921088,The best Python IDEs for data science that make data analysis and machine learning easier!,2017-06-22,Top 5 Python IDEs For Data Science,62
Daniel Poston,https://res.cloudinary.com/dyd911kmh/image/fetch/t_avatar_thumbnail/https://assets.datacamp.com/users/avatars/000/364/770/square/efffb911d8db473cfb34767ceda276e866942fb7.png?1505986307,A Scikit-Learn tutorial to using logistic regression and random forest models to predict which baseball players will be voted into the Hall of Fame,2017-06-20,Scikit-Learn Tutorial: Baseball Analytics  Pt 2,25
Karlijn Willems,https://res.cloudinary.com/dyd911kmh/image/fetch/t_avatar_thumbnail/https://assets.datacamp.com/users/avatars/000/494/311/square/Screenshot_2017-04-26_16.02.58.png?1493215479,"The data.table cheat sheet helps you master the syntax of this R package, and helps you to do data manipulations.",2017-06-19,The data.table R Package Cheat Sheet,24
Karlijn Willems,https://res.cloudinary.com/dyd911kmh/image/fetch/t_avatar_thumbnail/https://assets.datacamp.com/users/avatars/000/494/311/square/Screenshot_2017-04-26_16.02.58.png?1493215479,"This Python for Finance tutorial introduces you to algorithmic trading, and much more.",2017-06-01,Python For Finance: Algorithmic Trading,263
Yassine Alouini,https://res.cloudinary.com/dyd911kmh/image/fetch/t_avatar_thumbnail/https://media.licdn.com/mpr/mprx/0_Y7yIKA-dWAwSfdEABOHLZQ6deQkr2w43NOX5vkbdenQl2RJTq7QIAC1doAVrudkDNOXwZtKW38oA7fVTNpMcZLl5k8oK7fgDNpMHPXke7T0p5JQl4SfQ1KEMXzr86fopjxjFqnByWs-,This tutorial covers 5 ways in which you can easily write pandorable or more idiomatic Pandas code. ,2017-05-29,5 Tips To Write Idiomatic Pandas Code,20
Adolfo Álvarez,https://res.cloudinary.com/dyd911kmh/image/fetch/t_avatar_thumbnail/https://assets.datacamp.com/users/avatars/000/082/549/square/037aa1db78fc22595812ca1cc6181f3b4bb026bb.png?1505986440,An introduction to R packages based on 11 of the most frequently asked user questions. ,2017-05-18,R Packages: A Beginner's Guide ,28
,https://res.cloudinary.com/dyd911kmh/image/fetch/t_avatar_thumbnail/https://cdn.datacamp.com/community/assets/placeholder_avatar-7f673b5d40e159404a56b5931250cc73.png,A short introduction to asynchronous I/O with the asyncio package. ,2017-05-08,Asyncio: An Introduction,6
Daniel Poston,https://res.cloudinary.com/dyd911kmh/image/fetch/t_avatar_thumbnail/https://assets.datacamp.com/users/avatars/000/364/770/square/efffb911d8db473cfb34767ceda276e866942fb7.png?1505986307,A scikit-learn tutorial to predicting MLB wins per season by modeling data to KMeans clustering model and linear regression models. ,2017-05-04,Scikit-Learn Tutorial: Baseball Analytics Pt 1,28
Karlijn Willems,https://res.cloudinary.com/dyd911kmh/image/fetch/t_avatar_thumbnail/https://assets.datacamp.com/users/avatars/000/494/311/square/Screenshot_2017-04-26_16.02.58.png?1493215479,"This Keras tutorial introduces you to deep learning in Python: learn to preprocess your data, model, evaluate and optimize neural networks. ",2017-05-02,Keras Tutorial: Deep Learning in Python,124
Juan  Nunez-Iglesias,https://res.cloudinary.com/dyd911kmh/image/fetch/t_avatar_thumbnail/https://assets.datacamp.com/users/avatars/000/815/386/square/ebda60d1096179966432bd413d46314b77fef1e1.jpg?1506515626,"In this Python tutorial, you'll make use of Matplotlib's event handler API to display the slices of an MRI data set.  ",2017-04-19,Viewing 3D Volumetric Data With Matplotlib,15
Yan Holtz,https://res.cloudinary.com/dyd911kmh/image/fetch/t_avatar_thumbnail/https://assets.datacamp.com/users/avatars/000/926/066/square/0a26eb9c849d4f045165242ab33ac61421e0b152.jpg?1505990610,A list of the 5 most popular graphs among R users and enthusiasts. ,2017-04-14,The R Graph Gallery's Top 5 Most Visited Graph Themes,11
Jean-Nicholas Hould,https://res.cloudinary.com/dyd911kmh/image/fetch/t_avatar_thumbnail/https://assets.datacamp.com/users/avatars/000/923/685/square/2d8068c50718ed35659b1de3ce219dc735d27c0b.png?1505990828,"In this tutorial, you'll learn about exploratory data analysis (EDA) in Python, and more specifically, data profiling with pandas.",2017-04-13,Exploratory Data Analysis of Craft Beers: Data Profiling,15
Karlijn Willems,https://res.cloudinary.com/dyd911kmh/image/fetch/t_avatar_thumbnail/https://assets.datacamp.com/users/avatars/000/494/311/square/Screenshot_2017-04-26_16.02.58.png?1493215479,"A beginner's guide to Spark in Python based on 9 popular questions, such as how to install PySpark in Jupyter Notebook, best practices,... ",2017-03-28,Apache Spark in Python: Beginner's Guide,59
Dan Becker,https://res.cloudinary.com/dyd911kmh/image/fetch/t_avatar_thumbnail/https://assets.datacamp.com/users/avatars/000/245/897/square/danbecker.png?1489428668,This step-by-step tutorial will show you how to set up and use Jupyter Notebook on Amazon Web Services (AWS) EC2 GPU for deep learning. ,2017-03-23,Deep Learning With Jupyter Notebooks In The Cloud,45
Karlijn Willems,https://res.cloudinary.com/dyd911kmh/image/fetch/t_avatar_thumbnail/https://assets.datacamp.com/users/avatars/000/494/311/square/Screenshot_2017-04-26_16.02.58.png?1493215479,"Learn the basics of Exploratory Data Analysis (EDA) in Python with Pandas, Matplotlib and NumPy, such as sampling, feature engineering, correlation, etc.",2017-03-15,Python Exploratory Data Analysis Tutorial,49
Karlijn Willems,https://res.cloudinary.com/dyd911kmh/image/fetch/t_avatar_thumbnail/https://assets.datacamp.com/users/avatars/000/494/311/square/Screenshot_2017-04-26_16.02.58.png?1493215479,"This Matplotlib tutorial takes you through the basics Python data visualization: the anatomy of a plot, pyplot and pylab, and much more",2017-02-22,Matplotlib Tutorial: Python Plotting,49
Thomas Wielfaert,https://res.cloudinary.com/dyd911kmh/image/fetch/t_avatar_thumbnail/https://assets.datacamp.com/users/avatars/001/488/838/square/33c281b.jpg?1506015862,"In this Python tutorial, you'll learn how to create a dictionary, load data in it, filter, get and sort the values, and perform other dictionary operations. ",2017-02-16,Python Dictionary Tutorial,16
Ted Kwartler,https://res.cloudinary.com/dyd911kmh/image/fetch/t_avatar_thumbnail/https://assets.datacamp.com/users/avatars/000/469/487/square/ted_kwartler.png?1470131879,"In this R tutorial, you'll do web scraping, hit a finance API and use an htmlwidget to make an interactive time series chart to perform a simple algorithmic trading strategy",2017-02-09,Algorithmic Trading in R Tutorial,13
Karlijn Willems,https://res.cloudinary.com/dyd911kmh/image/fetch/t_avatar_thumbnail/https://assets.datacamp.com/users/avatars/000/494/311/square/Screenshot_2017-04-26_16.02.58.png?1493215479,"A SciPy tutorial in which you'll learn the basics of linear algebra that you need for machine learning in Python, with a focus how to with NumPy.  ",2017-02-08,Scipy Tutorial: Vectors and Arrays (Linear Algebra),14
Karlijn Willems,https://res.cloudinary.com/dyd911kmh/image/fetch/t_avatar_thumbnail/https://assets.datacamp.com/users/avatars/000/494/311/square/Screenshot_2017-04-26_16.02.58.png?1493215479,"Learn how to read and import Excel files in Python, how to write data to these spreadsheets and which are the best packages to do this.  ",2017-01-31,Python Excel Tutorial: The Definitive Guide ,87
Yao-Jen Kuo,https://res.cloudinary.com/dyd911kmh/image/fetch/t_avatar_thumbnail/https://assets.datacamp.com/users/avatars/000/102/987/square/14324442_1195914790459429_966333968205404072_o.jpg?1531411362,簡單易懂的 scikit-learn 教學，適合想要使用 Python 實作機器學習的初學者閱讀。,2017-01-27,Scikit-Learn 教學：Python 與機器學習,20
Ted Kwartler,https://res.cloudinary.com/dyd911kmh/image/fetch/t_avatar_thumbnail/https://assets.datacamp.com/users/avatars/000/469/487/square/ted_kwartler.png?1470131879,Learn how to geocode locations and map them with R,2017-01-26,Exploring H-1B Data with R: Part 3,4
Ted Kwartler,https://res.cloudinary.com/dyd911kmh/image/fetch/t_avatar_thumbnail/https://assets.datacamp.com/users/avatars/000/469/487/square/ted_kwartler.png?1470131879,"Learn even more about exploratory data analysis with R in the second part of the ""Exploring H-1B Data"" tutorial series",2017-01-19,Exploring H-1B Data with R: Part 2,3
Karlijn Willems,https://res.cloudinary.com/dyd911kmh/image/fetch/t_avatar_thumbnail/https://assets.datacamp.com/users/avatars/000/494/311/square/Screenshot_2017-04-26_16.02.58.png?1493215479,"A NumPy tutorial for beginners in which you'll learn how to create a NumPy array, use broadcasting, access values, manipulate arrays, and much more. ",2017-01-18,Python Numpy Array Tutorial,50
Ted Kwartler,https://res.cloudinary.com/dyd911kmh/image/fetch/t_avatar_thumbnail/https://assets.datacamp.com/users/avatars/000/469/487/square/ted_kwartler.png?1470131879,"Learn how to scrape data from the web, preprocess it and perform a basic exploratory data analysis with R ",2017-01-12,Web Scraping and Parsing Data in R |  Exploring H-1b Data Pt. 1,11
Karlijn Willems,https://res.cloudinary.com/dyd911kmh/image/fetch/t_avatar_thumbnail/https://assets.datacamp.com/users/avatars/000/494/311/square/Screenshot_2017-04-26_16.02.58.png?1493215479,"Discover how to create a data frame in R, change column and row names, access values, attach data frames, apply functions and much more.",2017-01-10,15 Easy Solutions To Your Data Frame Problems In R,38
Karlijn Willems,https://res.cloudinary.com/dyd911kmh/image/fetch/t_avatar_thumbnail/https://assets.datacamp.com/users/avatars/000/494/311/square/Screenshot_2017-04-26_16.02.58.png?1493215479,"An easy-to-follow scikit-learn tutorial that will help you to get started with the Python machine learning.
",2017-01-03,Python Machine Learning: Scikit-Learn Tutorial,77
Karlijn Willems,https://res.cloudinary.com/dyd911kmh/image/fetch/t_avatar_thumbnail/https://assets.datacamp.com/users/avatars/000/494/311/square/Screenshot_2017-04-26_16.02.58.png?1493215479,A list of Python resources for the eight statistics topics that you need to know to excel in data science,2016-12-05,40+ Python Statistics For Data Science Resources,23
Karlijn Willems,https://res.cloudinary.com/dyd911kmh/image/fetch/t_avatar_thumbnail/https://assets.datacamp.com/users/avatars/000/494/311/square/Screenshot_2017-04-26_16.02.58.png?1493215479,"This tutorial explains how to install, run, and use Jupyter Notebooks for data science, including tips, best practices, and examples.",2016-11-15,Jupyter Notebook Tutorial: The Definitive Guide,183
Karlijn Willems,https://res.cloudinary.com/dyd911kmh/image/fetch/t_avatar_thumbnail/https://assets.datacamp.com/users/avatars/000/494/311/square/Screenshot_2017-04-26_16.02.58.png?1493215479,Start your data science journey now and follow these 8 steps to learn data science.,2016-10-18,Learn Data Science - Infographic,17
Karlijn Willems,https://res.cloudinary.com/dyd911kmh/image/fetch/t_avatar_thumbnail/https://assets.datacamp.com/users/avatars/000/494/311/square/Screenshot_2017-04-26_16.02.58.png?1493215479,This handy one-page reference presents the Python basics that you need to do data science,2016-10-12,Python For Data Science - A Cheat Sheet For Beginners,18
Carlo Fanara,https://res.cloudinary.com/dyd911kmh/image/fetch/t_avatar_thumbnail/https://assets.datacamp.com/users/avatars/000/010/336/square/e0de09_b4c25799eb9c409d8ae497791d666bc1.gif?1506016616,A tutorial on loops in R that looks at the constructs available in R for looping. Discover alternatives using R's vectorization feature.,2016-09-28,A Tutorial on Loops in R - Usage and Alternatives,26
Karlijn Willems,https://res.cloudinary.com/dyd911kmh/image/fetch/t_avatar_thumbnail/https://assets.datacamp.com/users/avatars/000/494/311/square/Screenshot_2017-04-26_16.02.58.png?1493215479,"Data science resources you haven't considered (yet) - The best projects, tutorials, talks, podcasts, webinars, books, and much more to learn data science.",2016-09-21,Learn Data Science - Resources for Python & R,35
Karlijn Willems,https://res.cloudinary.com/dyd911kmh/image/fetch/t_avatar_thumbnail/https://assets.datacamp.com/users/avatars/000/494/311/square/Screenshot_2017-04-26_16.02.58.png?1493215479,"Discover how to create a list in Python, select list elements, the difference between append() and extend(), why to use NumPy and much more.",2016-09-07,18 Most Common Python List Questions,34
Ted Kwartler,https://res.cloudinary.com/dyd911kmh/image/fetch/t_avatar_thumbnail/https://assets.datacamp.com/users/avatars/000/469/487/square/ted_kwartler.png?1470131879,"Recreate your own news trends feature in R, mining Pokémon GO data from Google News Trends and Yahoo Finance.",2016-09-02,Text Mining in R: Are Pokémon GO Mentions Really Driving Up Stock Prices?,4
Jake Moody,https://res.cloudinary.com/dyd911kmh/image/fetch/t_avatar_thumbnail/https://assets.datacamp.com/users/avatars/000/254/468/square/jakeaboutpic.jpg?1493158835,Build a better R culture at your company with an internal meetup!,2016-08-05,Driving R Adoption in Your Company,4
Hugo Bowne-Anderson,https://res.cloudinary.com/dyd911kmh/image/fetch/t_avatar_thumbnail/https://assets.datacamp.com/users/avatars/000/469/499/square/hugo_bowne-anderson.png?1470132470,You can preprocess the heck out of your data but the proof is in the pudding: how well does your model then perform?,2016-05-10,Preprocessing in Data Science (Part 3): Scaling Synthesized Data,6
Hugo Bowne-Anderson,https://res.cloudinary.com/dyd911kmh/image/fetch/t_avatar_thumbnail/https://assets.datacamp.com/users/avatars/000/469/499/square/hugo_bowne-anderson.png?1470132470,Discover whether centering and scaling help your model in a logistic regression setting.,2016-05-03,"Preprocessing in Data Science (Part 2): Centering, Scaling and Logistic Regression",16
Hugo Bowne-Anderson,https://res.cloudinary.com/dyd911kmh/image/fetch/t_avatar_thumbnail/https://assets.datacamp.com/users/avatars/000/469/499/square/hugo_bowne-anderson.png?1470132470,This article will explain the importance of preprocessing in the machine learning pipeline by examining how centering and scaling can improve model performance.,2016-04-26,"Preprocessing in Data Science (Part 1): Centering, Scaling, and KNN",21
Carlo Fanara,https://res.cloudinary.com/dyd911kmh/image/fetch/t_avatar_thumbnail/https://assets.datacamp.com/users/avatars/000/010/336/square/e0de09_b4c25799eb9c409d8ae497791d666bc1.gif?1506016616,"In this tutorial, you'll learn about the use of the apply functions in R, its variants, and a few of its relatives applied to different data structures.",2016-02-02,Tutorial on the R Apply Family,59
Karlijn Willems,https://res.cloudinary.com/dyd911kmh/image/fetch/t_avatar_thumbnail/https://assets.datacamp.com/users/avatars/000/494/311/square/Screenshot_2017-04-26_16.02.58.png?1493215479,"This infograph compares the roles of data scientists, data analysts, data architects, data engineers and more in the data science industry.",2015-11-10,The Data Science Industry: Who Does What (Infographic),40
Karlijn Willems,https://res.cloudinary.com/dyd911kmh/image/fetch/t_avatar_thumbnail/https://assets.datacamp.com/users/avatars/000/494/311/square/Screenshot_2017-04-26_16.02.58.png?1493215479,"A tutorial on importing data into R. The focus is on reading data from sources like statistical software, databases, webscraping, and more.",2015-08-18,Importing Data Into R - Part Two,5
Karlijn Willems,https://res.cloudinary.com/dyd911kmh/image/fetch/t_avatar_thumbnail/https://assets.datacamp.com/users/avatars/000/494/311/square/Screenshot_2017-04-26_16.02.58.png?1493215479,"There are different types of R plots, ranging from the basic graph types to complex types of graphs. Here we discover how to create these.",2015-07-30,15 Questions All R Users Have About Plots,10
Karlijn Willems,https://res.cloudinary.com/dyd911kmh/image/fetch/t_avatar_thumbnail/https://assets.datacamp.com/users/avatars/000/494/311/square/Screenshot_2017-04-26_16.02.58.png?1493215479,Comprehensive and easy R Data Import tutorial covering everything from importing simple text files to the more advanced SPSS and SAS files.,2015-07-21,This R Data Import Tutorial Is Everything You Need,23
Carlo Fanara,https://res.cloudinary.com/dyd911kmh/image/fetch/t_avatar_thumbnail/https://assets.datacamp.com/users/avatars/000/010/336/square/e0de09_b4c25799eb9c409d8ae497791d666bc1.gif?1506016616,"The tutorial highlights what R functions are, user defined functions in R, scoping in R, making your own functions in R, and much more.",2015-06-08,A Tutorial on Using Functions in R!,20
Karlijn Willems,https://res.cloudinary.com/dyd911kmh/image/fetch/t_avatar_thumbnail/https://assets.datacamp.com/users/avatars/000/494/311/square/Screenshot_2017-04-26_16.02.58.png?1493215479,"Wondering whether you should use R or Python for your next data analysis post? Check our infographic ""Data Science Wars: R vs Python"".",2015-05-12,Choosing R or Python for Data Analysis? An Infographic,75
Karlijn Willems,https://res.cloudinary.com/dyd911kmh/image/fetch/t_avatar_thumbnail/https://assets.datacamp.com/users/avatars/000/494/311/square/Screenshot_2017-04-26_16.02.58.png?1493215479,R Tutorial on Reading and Importing Excel Files into R. Understand how to read and import spreadsheet files using basic R and packages.,2015-04-03,Reading and Importing Excel Files into R,24
Karlijn Willems,https://res.cloudinary.com/dyd911kmh/image/fetch/t_avatar_thumbnail/https://assets.datacamp.com/users/avatars/000/494/311/square/Screenshot_2017-04-26_16.02.58.png?1493215479,This small tutorial is meant to introduce you to the basics of machine learning in R: it will show you how to use R to work with KNN.,2015-03-25,Machine Learning in R for beginners,54
Filip Schouwenaars,https://res.cloudinary.com/dyd911kmh/image/fetch/t_avatar_thumbnail/https://assets.datacamp.com/users/avatars/000/042/463/square/author_pic_filip.jpg?1457369620,Short tutorial on scraping Javascript generated data with R using PhantomJS.,2015-03-16,Web Scraping with R and PhantomJS,2
Karlijn Willems,https://res.cloudinary.com/dyd911kmh/image/fetch/t_avatar_thumbnail/https://assets.datacamp.com/users/avatars/000/494/311/square/Screenshot_2017-04-26_16.02.58.png?1493215479,Learn how to make a histogram with ggplot2 in R. Make histograms in R based on the grammar of graphics.,2015-03-12,How to Make a Histogram with ggplot2,7
Karlijn Willems,https://res.cloudinary.com/dyd911kmh/image/fetch/t_avatar_thumbnail/https://assets.datacamp.com/users/avatars/000/494/311/square/Screenshot_2017-04-26_16.02.58.png?1493215479,Tutorial for new R users whom need an accessible and easy-to-understand resource on how to create their own histogram with basic R.,2015-03-10,How to Make a Histogram with Basic R,6
Karlijn Willems,https://res.cloudinary.com/dyd911kmh/image/fetch/t_avatar_thumbnail/https://assets.datacamp.com/users/avatars/000/494/311/square/Screenshot_2017-04-26_16.02.58.png?1493215479,Data Science has its own language. This is a great list of often-heard data science terminology and quotes by Datacamp.,2015-03-04,How to Speak Data Science,11
Karlijn Willems,https://res.cloudinary.com/dyd911kmh/image/fetch/t_avatar_thumbnail/https://assets.datacamp.com/users/avatars/000/494/311/square/Screenshot_2017-04-26_16.02.58.png?1493215479,The free data.table R tutorial explains the basics and syntax of the data.table package for R. Master the data.table syntax now.,2015-02-03,"A data.table R Tutorial:  Intro to DT[i, j, by]",5
Karlijn Willems,https://res.cloudinary.com/dyd911kmh/image/fetch/t_avatar_thumbnail/https://assets.datacamp.com/users/avatars/000/494/311/square/Screenshot_2017-04-26_16.02.58.png?1493215479,This DataCamp infographic outlines how you can become a data scientist in 8 steps. This guide is for everyone interested in data science.,2014-11-10,Become A Data Scientist in 8 Steps: Infographic,27
Karlijn Willems,https://res.cloudinary.com/dyd911kmh/image/fetch/t_avatar_thumbnail/https://assets.datacamp.com/users/avatars/000/494/311/square/Screenshot_2017-04-26_16.02.58.png?1493215479,"Rdocumentation.org is the only R documentation and R manuals aggregator that lets you search everything from CRAN, Bioconductor and GitHub.",2014-08-04,The RDocumentation Poster,1
Karlijn Willems,https://res.cloudinary.com/dyd911kmh/image/fetch/t_avatar_thumbnail/https://assets.datacamp.com/users/avatars/000/494/311/square/Screenshot_2017-04-26_16.02.58.png?1493215479,Decimal comma or decimal point? A handy tool to indicate the decimal separator used in each country so you never make a mistake in your sheet,2014-06-09,Decimal Comma or Point? A googleVis visualization,1
Karlijn Willems,https://res.cloudinary.com/dyd911kmh/image/fetch/t_avatar_thumbnail/https://assets.datacamp.com/users/avatars/000/494/311/square/Screenshot_2017-04-26_16.02.58.png?1493215479,"The infograph 'Statistical Language Wars' compares statistical programming language like SAS, R and SPSS to see how they stack up.",2014-06-03,What Is the Best Statistical Programming Language? Infograph,4
Karlijn Willems,https://res.cloudinary.com/dyd911kmh/image/fetch/t_avatar_thumbnail/https://assets.datacamp.com/users/avatars/000/494/311/square/Screenshot_2017-04-26_16.02.58.png?1493215479,The 7 funniest data science cartoons on the web selected by you. A selection made by DataCamp to celebrate April's fools day.,2014-03-31,Data Science Cartoons: a Top Seven List by DataCamp,8
Karlijn Willems,https://res.cloudinary.com/dyd911kmh/image/fetch/t_avatar_thumbnail/https://assets.datacamp.com/users/avatars/000/494/311/square/Screenshot_2017-04-26_16.02.58.png?1493215479,Stack Overflow is a useful resource for technical questions. At DataCamp we wanted to share our favourite R posts on Stack Overflow.,2014-03-17,R posts on Stack Overflow | A Top 5 selection by DataCamp,3
Karlijn Willems,https://res.cloudinary.com/dyd911kmh/image/fetch/t_avatar_thumbnail/https://assets.datacamp.com/users/avatars/000/494/311/square/Screenshot_2017-04-26_16.02.58.png?1493215479,"A list of all Coursera courses on R. These courses use R as their first choice, or as one of the statistical software packages for homework.",2013-12-04,Coursera Courses on R: Complete List Ranked by “Popularity”,2
